{
    "c": {
        "1": 6.270388712278181, 
        "3": 3.8127756332188465, 
        "2": 2.4265018086314196, 
        "5": 5.112747213686085, 
        "4": 2.5891675029296337, 
        "6": 4.037494846539122
    }, 
    "g": {
        "1": 1.351074962440077, 
        "3": 0.672914529329352, 
        "2": 1.212727044704484, 
        "5": 0.8180395541897737, 
        "4": 0.4142668004687414, 
        "6": 0.647894619920663
    }, 
    "mean_d": {
        "high": 1160, 
        "low": 116
    }, 
    "num_prods": 6, 
    "v": {
        "1": 16.888437030500963, 
        "3": 8.4114316166169, 
        "2": 15.159088058806049, 
        "5": 10.22549442737217, 
        "4": 5.178335005859267, 
        "6": 8.098682749008287
    }, 
    "stdev_d": {
        "high": 74, 
        "low": 96
    }, 
    "alpha": {
        "1": [
            0, 
            0.1, 
            0.1, 
            0.1, 
            0.1, 
            0.1
        ], 
        "3": [
            0.1, 
            0.1, 
            0, 
            0.1, 
            0.1, 
            0.1
        ], 
        "2": [
            0.1, 
            0, 
            0.1, 
            0.1, 
            0.1, 
            0.1
        ], 
        "5": [
            0.1, 
            0.1, 
            0.1, 
            0.1, 
            0, 
            0.1
        ], 
        "4": [
            0.1, 
            0.1, 
            0.1, 
            0, 
            0.1, 
            0.1
        ], 
        "6": [
            0.1, 
            0.1, 
            0.1, 
            0.1, 
            0.1, 
            0
        ]
    }
}